INSERT INTO AUTHORITY (AUTHORITY_ID, NAME_ENG, NAME_KOR) VALUES (1,'ACCOUNT_ACCESS','계정_접근');
INSERT INTO AUTHORITY (AUTHORITY_ID, NAME_ENG, NAME_KOR) VALUES (2,'ACCOUNT_MANAGE','계정_관리');
INSERT INTO AUTHORITY (AUTHORITY_ID, NAME_ENG, NAME_KOR) VALUES (3,'MENU_MANAGE','메뉴_관리');
INSERT INTO AUTHORITY (AUTHORITY_ID, NAME_ENG, NAME_KOR) VALUES (4,'FILE_ACCESS','파일_접근');
INSERT INTO AUTHORITY (AUTHORITY_ID, NAME_ENG, NAME_KOR) VALUES (5,'FILE_MANAGE','파일_관리');
INSERT INTO AUTHORITY (AUTHORITY_ID, NAME_ENG, NAME_KOR) VALUES (6,'TAG_ACCESS','태그_접근');
INSERT INTO AUTHORITY (AUTHORITY_ID, NAME_ENG, NAME_KOR) VALUES (7,'TAG_MANAGE','태그_관리');
INSERT INTO AUTHORITY (AUTHORITY_ID, NAME_ENG, NAME_KOR) VALUES (8,'SEARCH_ACCESS','검색_접근');
INSERT INTO AUTHORITY (AUTHORITY_ID, NAME_ENG, NAME_KOR) VALUES (9,'JOB_ACCESS','취업_접근');
INSERT INTO AUTHORITY (AUTHORITY_ID, NAME_ENG, NAME_KOR) VALUES (10,'JOB_MANAGE','취업_관리');
INSERT INTO AUTHORITY (AUTHORITY_ID, NAME_ENG, NAME_KOR) VALUES (11,'STATICS_MANAGE','통계_관리');
INSERT INTO AUTHORITY (AUTHORITY_ID, NAME_ENG, NAME_KOR) VALUES (12,'ACCESS_MANAGE','접근_관리');
INSERT INTO AUTHORITY (AUTHORITY_ID, NAME_ENG, NAME_KOR) VALUES (13,'CAREER_ACCESS','이력_접근');
INSERT INTO AUTHORITY (AUTHORITY_ID, NAME_ENG, NAME_KOR) VALUES (14,'CAREER_MANAGE','이력_관리');
INSERT INTO AUTHORITY (AUTHORITY_ID, NAME_ENG, NAME_KOR) VALUES (15,'REPORT_ACCESS','신고_접근');
INSERT INTO AUTHORITY (AUTHORITY_ID, NAME_ENG, NAME_KOR) VALUES (16,'REPORT_MANAGE','신고_관리');
INSERT INTO AUTHORITY (AUTHORITY_ID, NAME_ENG, NAME_KOR) VALUES (17,'AUTHORITY_MANAGE','권한_관리');
INSERT INTO AUTHORITY (AUTHORITY_ID, NAME_ENG, NAME_KOR) VALUES (18,'SCHEDULE_MANAGE','시간표_관리');


INSERT INTO AUTHORITY_GROUP (AUTHORITY_GROUP_ID, DESCRIPTION, NAME) VALUES (1,'비로그인 사용자','DEFAULT');
INSERT INTO AUTHORITY_GROUP (AUTHORITY_GROUP_ID, DESCRIPTION, NAME) VALUES (2,'로그인 사용자','MEMBER');
INSERT INTO AUTHORITY_GROUP (AUTHORITY_GROUP_ID, DESCRIPTION, NAME) VALUES (3,'로그인 관리자','ADMIN');

INSERT INTO QUESTION (QUESTION_ID, TEXT) VALUES (1, '다른 이메일 주소는?');
INSERT INTO QUESTION (QUESTION_ID, TEXT) VALUES (2, '나의 보물 1호는 ?');
INSERT INTO QUESTION (QUESTION_ID, TEXT) VALUES (3, '나의 출신 초등학교는?');
INSERT INTO QUESTION (QUESTION_ID, TEXT) VALUES (4, '나의 출신 고향은?');
INSERT INTO QUESTION (QUESTION_ID, TEXT) VALUES (5, '나의 이상형은?');
INSERT INTO QUESTION (QUESTION_ID, TEXT) VALUES (6, '어머니 성함은?');
INSERT INTO QUESTION (QUESTION_ID, TEXT) VALUES (7, '아버지 성함은?');
INSERT INTO QUESTION (QUESTION_ID, TEXT) VALUES (8, '가장 좋아하는 색깔은?');
INSERT INTO QUESTION (QUESTION_ID, TEXT) VALUES (9, '가장 좋아하는 음식은?');

INSERT INTO ACCOUNT (ACCOUNT_ID, EMAIL, ID_STRING, INFORMATION_OPEN_AGREE, STUDENT_ID, NAME, NICKNAME, PASSWORD, PHONE_NUMBER, TYPE, QUESTION_ID, ANSWER)
VALUES (1, 'djh20@naver.com', 'user', 'AGREE', '00000000', 'user', 'user', '{bcrypt}$2a$10$kQ7ZjT0yfgCDfD2pPRPdCu81ZPee.GCeuwniYdDS0dmr7889MGYZO'
, '00000000000', 'STUDENT', 4, '구미');

INSERT INTO ACCOUNT (ACCOUNT_ID, EMAIL, ID_STRING, INFORMATION_OPEN_AGREE, STUDENT_ID, NAME, NICKNAME, PASSWORD, PHONE_NUMBER, TYPE, QUESTION_ID, ANSWER)
VALUES (2, 'admin@admin.com', 'admin', 'AGREE', '00000001', 'admin', 'admin', '{bcrypt}$2a$10$kQ7ZjT0yfgCDfD2pPRPdCu81ZPee.GCeuwniYdDS0dmr7889MGYZO'
, '00000000001', 'ASSISTANT',  4, '구미');



INSERT INTO AUTHORITY_GROUP_ACCOUNT_MAPPING (AUTHORITY_GROUP_ACCOUNT_MAPPING_ID, AUTHORITY_GROUP_ID, ACCOUNT_ID) VALUES (1,2,1);
INSERT INTO AUTHORITY_GROUP_ACCOUNT_MAPPING (AUTHORITY_GROUP_ACCOUNT_MAPPING_ID, AUTHORITY_GROUP_ID, ACCOUNT_ID) VALUES (2,3,2);


INSERT INTO AUTHORITY_GROUP_AUTHORITY_MAPPING (AUTHORITY_GROUP_AUTHORITY_MAPPING_ID, AUTHORITY_ID, AUTHORITY_GROUP_ID) VALUES (1,4,1);
INSERT INTO AUTHORITY_GROUP_AUTHORITY_MAPPING (AUTHORITY_GROUP_AUTHORITY_MAPPING_ID, AUTHORITY_ID, AUTHORITY_GROUP_ID) VALUES (2,8,1);

INSERT INTO AUTHORITY_GROUP_AUTHORITY_MAPPING (AUTHORITY_GROUP_AUTHORITY_MAPPING_ID, AUTHORITY_ID, AUTHORITY_GROUP_ID) VALUES (3,1,2);
INSERT INTO AUTHORITY_GROUP_AUTHORITY_MAPPING (AUTHORITY_GROUP_AUTHORITY_MAPPING_ID, AUTHORITY_ID, AUTHORITY_GROUP_ID) VALUES (4,4,2);
INSERT INTO AUTHORITY_GROUP_AUTHORITY_MAPPING (AUTHORITY_GROUP_AUTHORITY_MAPPING_ID, AUTHORITY_ID, AUTHORITY_GROUP_ID) VALUES (5,8,2);
INSERT INTO AUTHORITY_GROUP_AUTHORITY_MAPPING (AUTHORITY_GROUP_AUTHORITY_MAPPING_ID, AUTHORITY_ID, AUTHORITY_GROUP_ID) VALUES (6,9,2);
INSERT INTO AUTHORITY_GROUP_AUTHORITY_MAPPING (AUTHORITY_GROUP_AUTHORITY_MAPPING_ID, AUTHORITY_ID, AUTHORITY_GROUP_ID) VALUES (7,13,2);
INSERT INTO AUTHORITY_GROUP_AUTHORITY_MAPPING (AUTHORITY_GROUP_AUTHORITY_MAPPING_ID, AUTHORITY_ID, AUTHORITY_GROUP_ID) VALUES (8,15,2);


INSERT INTO AUTHORITY_GROUP_AUTHORITY_MAPPING (AUTHORITY_GROUP_AUTHORITY_MAPPING_ID, AUTHORITY_ID, AUTHORITY_GROUP_ID) VALUES (9,1,3);
INSERT INTO AUTHORITY_GROUP_AUTHORITY_MAPPING (AUTHORITY_GROUP_AUTHORITY_MAPPING_ID, AUTHORITY_ID, AUTHORITY_GROUP_ID) VALUES (10,2,3);
INSERT INTO AUTHORITY_GROUP_AUTHORITY_MAPPING (AUTHORITY_GROUP_AUTHORITY_MAPPING_ID, AUTHORITY_ID, AUTHORITY_GROUP_ID) VALUES (11,3,3);
INSERT INTO AUTHORITY_GROUP_AUTHORITY_MAPPING (AUTHORITY_GROUP_AUTHORITY_MAPPING_ID, AUTHORITY_ID, AUTHORITY_GROUP_ID) VALUES (12,4,3);
INSERT INTO AUTHORITY_GROUP_AUTHORITY_MAPPING (AUTHORITY_GROUP_AUTHORITY_MAPPING_ID, AUTHORITY_ID, AUTHORITY_GROUP_ID) VALUES (13,5,3);
INSERT INTO AUTHORITY_GROUP_AUTHORITY_MAPPING (AUTHORITY_GROUP_AUTHORITY_MAPPING_ID, AUTHORITY_ID, AUTHORITY_GROUP_ID) VALUES (14,6,3);
INSERT INTO AUTHORITY_GROUP_AUTHORITY_MAPPING (AUTHORITY_GROUP_AUTHORITY_MAPPING_ID, AUTHORITY_ID, AUTHORITY_GROUP_ID) VALUES (15,7,3);
INSERT INTO AUTHORITY_GROUP_AUTHORITY_MAPPING (AUTHORITY_GROUP_AUTHORITY_MAPPING_ID, AUTHORITY_ID, AUTHORITY_GROUP_ID) VALUES (16,8,3);
INSERT INTO AUTHORITY_GROUP_AUTHORITY_MAPPING (AUTHORITY_GROUP_AUTHORITY_MAPPING_ID, AUTHORITY_ID, AUTHORITY_GROUP_ID) VALUES (17,9,3);
INSERT INTO AUTHORITY_GROUP_AUTHORITY_MAPPING (AUTHORITY_GROUP_AUTHORITY_MAPPING_ID, AUTHORITY_ID, AUTHORITY_GROUP_ID) VALUES (18,10,3);
INSERT INTO AUTHORITY_GROUP_AUTHORITY_MAPPING (AUTHORITY_GROUP_AUTHORITY_MAPPING_ID, AUTHORITY_ID, AUTHORITY_GROUP_ID) VALUES (19,11,3);
INSERT INTO AUTHORITY_GROUP_AUTHORITY_MAPPING (AUTHORITY_GROUP_AUTHORITY_MAPPING_ID, AUTHORITY_ID, AUTHORITY_GROUP_ID) VALUES (20,12,3);
INSERT INTO AUTHORITY_GROUP_AUTHORITY_MAPPING (AUTHORITY_GROUP_AUTHORITY_MAPPING_ID, AUTHORITY_ID, AUTHORITY_GROUP_ID) VALUES (21,13,3);
INSERT INTO AUTHORITY_GROUP_AUTHORITY_MAPPING (AUTHORITY_GROUP_AUTHORITY_MAPPING_ID, AUTHORITY_ID, AUTHORITY_GROUP_ID) VALUES (22,14,3);
INSERT INTO AUTHORITY_GROUP_AUTHORITY_MAPPING (AUTHORITY_GROUP_AUTHORITY_MAPPING_ID, AUTHORITY_ID, AUTHORITY_GROUP_ID) VALUES (23,15,3);
INSERT INTO AUTHORITY_GROUP_AUTHORITY_MAPPING (AUTHORITY_GROUP_AUTHORITY_MAPPING_ID, AUTHORITY_ID, AUTHORITY_GROUP_ID) VALUES (24,16,3);
INSERT INTO AUTHORITY_GROUP_AUTHORITY_MAPPING (AUTHORITY_GROUP_AUTHORITY_MAPPING_ID, AUTHORITY_ID, AUTHORITY_GROUP_ID) VALUES (25,17,3);
INSERT INTO AUTHORITY_GROUP_AUTHORITY_MAPPING (AUTHORITY_GROUP_AUTHORITY_MAPPING_ID, AUTHORITY_ID, AUTHORITY_GROUP_ID) VALUES (26,18,3);